NATUREZA,CIDADE,JAN,FEV,MAR,ABR,MAI,JUN,JUL,AGO,SET,OUT,NOV,DEZ
HOMICÍDIO,RIACHO FUNDO II,1,0,1,1,0,1,0,0,1,1,1,0
LATROCÍNIO,RIACHO FUNDO II,0,0,0,0,0,0,0,0,0,0,0,0
LESÃO CORPORAL SEG. DE MORTE,RIACHO FUNDO II,0,0,0,0,0,0,0,0,0,0,0,0
,RIACHO FUNDO II,1,0,1,1,0,1,0,0,1,1,1,0
ROUBO A TRANSEUNTE,RIACHO FUNDO II,12,12,10,16,18,10,16,18,15,11,11,15
ROUBO DE VEÍCULO,RIACHO FUNDO II,6,0,4,2,1,6,1,0,0,0,3,1
ROUBO EM COLETIVO,RIACHO FUNDO II,0,0,0,0,0,0,1,0,1,0,0,0
ROUBO EM COMÉRCIO *,RIACHO FUNDO II,3,1,0,0,2,0,0,0,0,0,0,0
ROUBO EM RESIDÊNCIA,RIACHO FUNDO II,0,0,0,0,1,1,0,0,0,0,0,1
FURTO EM VEÍCULO,RIACHO FUNDO II,6,2,5,8,2,5,10,5,2,6,4,2
,RIACHO FUNDO II,27,15,19,26,24,22,28,23,18,17,18,19
TENTATIVA DE HOMICÍDIO,RIACHO FUNDO II,4,0,1,0,0,1,0,0,1,6,1,0
TENTATIVA DE LATROCINIO,RIACHO FUNDO II,0,0,0,0,0,0,0,0,0,0,0,0
ESTUPRO,RIACHO FUNDO II,2,3,3,4,3,5,1,3,1,3,2,3
FURTO A TRANSEUNTE,RIACHO FUNDO II,0,0,1,1,2,0,3,2,1,0,1,0
TRÁFICO DE DROGAS,RIACHO FUNDO II,2,0,5,2,0,3,2,0,2,4,5,6
USO E PORTE DE DROGAS,RIACHO FUNDO II,1,1,4,2,1,4,1,1,2,0,1,0
POSSE/PORTE DE ARMA,RIACHO FUNDO II,1,0,3,1,0,0,1,0,0,0,1,1
LOCALIZAÇÃO DE VEICULO FURTADO OU ROUBADO,RIACHO FUNDO II,10,1,7,8,8,11,2,7,3,5,5,5
HOMICÍDIO,SAMAMBAIA,0,2,2,1,0,1,1,1,0,3,1,2
LATROCÍNIO,SAMAMBAIA,0,0,0,0,0,0,0,0,0,0,0,1
LESÃO CORPORAL SEG. DE MORTE,SAMAMBAIA,0,0,0,0,1,0,1,0,0,0,0,1
,SAMAMBAIA,0,2,2,1,1,1,2,1,0,3,1,4
ROUBO A TRANSEUNTE,SAMAMBAIA,88,84,83,100,85,94,108,100,93,94,100,88
ROUBO DE VEÍCULO,SAMAMBAIA,11,12,19,25,20,15,10,13,5,8,10,16
ROUBO EM COLETIVO,SAMAMBAIA,10,2,2,0,1,5,4,5,5,4,1,1
ROUBO EM COMÉRCIO *,SAMAMBAIA,2,2,3,2,1,3,0,1,1,4,3,1
ROUBO EM RESIDÊNCIA,SAMAMBAIA,1,4,0,1,1,1,2,0,1,0,2,4
FURTO EM VEÍCULO,SAMAMBAIA,31,18,30,31,30,25,29,35,27,21,14,25
,SAMAMBAIA,143,122,137,159,138,143,153,154,132,131,130,135
TENTATIVA DE HOMICÍDIO,SAMAMBAIA,2,4,4,2,6,5,3,4,6,7,7,0
TENTATIVA DE LATROCÍNIO,SAMAMBAIA,0,1,3,1,1,0,1,0,1,0,0,2
ESTUPRO,SAMAMBAIA,8,9,4,4,4,8,6,7,5,8,7,5
FURTO A TRANSEUNTE,SAMAMBAIA,9,11,12,14,11,9,17,12,8,8,11,6
TRÁFICO DE DROGAS,SAMAMBAIA,12,17,6,13,10,11,6,11,15,11,19,19
USO E PORTE DE DROGAS,SAMAMBAIA,14,11,6,13,8,9,4,4,3,3,9,5
POSSE/PORTE DE ARMA,SAMAMBAIA,10,7,11,6,10,8,9,5,8,7,12,7
LOCALIZAÇÃO DE VEICULO FURTADO OU ROUBADO,SAMAMBAIA,15,19,27,29,23,16,15,28,14,14,18,19
HOMICÍDIO,S.I.A.,0,1,0,0,0,0,0,1,1,0,0,1
LATROCÍNIO,S.I.A.,0,0,0,0,0,0,0,0,0,0,0,0
LESÃO CORPORAL SEG. DE MORTE,S.I.A.,0,0,0,0,0,0,0,0,0,0,0,0
,S.I.A.,0,1,0,0,0,0,0,1,1,0,0,1
ROUBO A TRANSEUNTE,S.I.A.,1,2,4,2,1,2,3,3,1,4,1,0
ROUBO DE VEÍCULO,S.I.A.,0,1,0,0,0,1,0,1,0,0,0,0
ROUBO EM COLETIVO,S.I.A.,0,1,1,0,0,0,0,0,0,0,0,0
ROUBO EM COMÉRCIO *,S.I.A.,0,0,0,0,0,0,1,1,1,1,1,0
ROUBO EM RESIDÊNCIA,S.I.A.,0,0,0,0,0,0,0,0,0,0,0,0
FURTO EM VEÍCULO,S.I.A.,24,17,18,12,15,7,8,6,9,7,8,9
,S.I.A.,25,21,23,14,16,10,12,11,11,12,10,9
TENTATIVA DE HOMICÍDIO,S.I.A.,0,0,0,0,0,0,1,0,2,1,0,0
TENTATIVA DE LATROCÍNIO,S.I.A.,0,0,0,0,0,0,0,0,0,0,0,0
ESTUPRO,S.I.A.,0,0,0,0,0,0,0,0,0,0,0,0
FURTO A TRANSEUNTE,S.I.A.,1,1,0,4,2,0,3,0,0,0,2,1
TRÁFICO DE DROGAS,S.I.A.,0,4,1,5,1,1,4,5,5,3,1,2
USO E PORTE DE DROGAS,S.I.A.,8,6,3,7,2,3,5,4,2,3,0,1
POSSE/PORTE DE ARMA,S.I.A.,1,3,5,1,0,2,2,5,1,1,0,1
LOCALIZAÇÃO DE VEICULO FURTADO OU ROUBADO,S.I.A.,1,4,1,3,2,3,2,1,2,3,0,1
HOMICÍDIO,SOBRADINHO,0,1,3,2,1,0,0,0,1,1,0,0
LATROCÍNIO,SOBRADINHO,0,0,0,0,0,0,0,0,0,0,0,0
LESÃO CORPORAL SEG. DE MORTE,SOBRADINHO,0,0,0,0,0,0,0,0,0,0,0,0
,SOBRADINHO,0,1,3,2,1,0,0,0,1,1,0,0
ROUBO A TRANSEUNTE,SOBRADINHO,27,14,17,22,23,32,17,17,13,19,14,12
ROUBO DE VEÍCULO,SOBRADINHO,0,3,2,2,2,2,2,2,1,2,1,0
ROUBO EM COLETIVO,SOBRADINHO,0,0,0,1,0,0,1,1,1,0,0,0
ROUBO EM COMÉRCIO *,SOBRADINHO,0,1,0,1,0,1,0,0,1,1,1,0
ROUBO EM RESIDÊNCIA,SOBRADINHO,0,1,0,0,0,0,0,0,0,2,0,1
FURTO EM VEÍCULO,SOBRADINHO,9,9,13,5,2,7,6,4,2,7,8,7
,SOBRADINHO,36,28,32,31,27,42,26,24,18,31,24,20
TENTATIVA DE HOMICÍDIO,SOBRADINHO,3,3,0,0,0,0,0,1,3,0,0,1
TENTATIVA DE LATROCÍNIO,SOBRADINHO,0,0,1,0,0,0,0,0,0,0,0,0
ESTUPRO,SOBRADINHO,3,2,0,1,0,3,1,2,4,1,3,0
FURTO A TRANSEUNTE,SOBRADINHO,4,1,5,5,7,2,2,5,5,6,4,2
TRÁFICO DE DROGAS,SOBRADINHO,5,5,3,1,5,5,1,6,6,10,2,7
USO E PORTE DE DROGAS,SOBRADINHO,9,2,6,4,3,5,2,1,0,1,1,2
POSSE/PORTE DE ARMA,SOBRADINHO,4,2,0,1,2,4,1,3,3,7,1,0
LOCALIZAÇÃO DE VEICULO FURTADO OU ROUBADO,SOBRADINHO,5,9,7,5,4,3,4,3,3,0,1,4
HOMICÍDIO,RIACHO FUNDO,0,0,0,0,0,0,0,0,0,0,0,0
LATROCÍNIO,RIACHO FUNDO,0,0,0,0,0,0,0,0,0,0,0,0
LESÃO CORPORAL SEG. DE MORTE,RIACHO FUNDO,0,0,0,0,0,0,0,0,0,0,0,0
,RIACHO FUNDO,0,0,0,0,0,0,0,0,0,0,0,0
ROUBO A TRANSEUNTE,RIACHO FUNDO,10,11,10,7,9,19,6,14,7,9,8,2
ROUBO DE VEÍCULO,RIACHO FUNDO,0,0,0,2,2,0,0,0,0,2,0,0
ROUBO EM COLETIVO,RIACHO FUNDO,0,0,0,1,0,0,1,0,0,0,0,0
ROUBO EM COMÉRCIO *,RIACHO FUNDO,0,0,0,0,0,0,0,0,0,0,0,0
ROUBO EM RESIDÊNCIA,RIACHO FUNDO,0,0,0,0,0,0,0,0,0,0,0,0
FURTO EM VEÍCULO,RIACHO FUNDO,5,1,3,6,8,5,5,4,8,7,4,4
,RIACHO FUNDO,15,12,13,16,19,24,12,18,15,18,12,6
TENTATIVA DE HOMICÍDIO,RIACHO FUNDO,2,2,0,2,0,0,0,0,0,0,2,0
TENTATIVA DE LATROCÍNIO,RIACHO FUNDO,0,1,0,0,0,0,0,0,0,1,0,0
ESTUPRO,RIACHO FUNDO,2,0,1,1,1,0,0,2,1,1,1,0
FURTO A TRANSEUNTE,RIACHO FUNDO,2,4,1,1,1,1,0,1,0,0,1,2
TRÁFICO DE DROGAS,RIACHO FUNDO,4,1,4,0,2,8,6,7,3,7,8,6
USO E PORTE DE DROGAS,RIACHO FUNDO,5,3,10,6,7,6,5,4,1,4,1,1
POSSE/PORTE DE ARMA,RIACHO FUNDO,0,2,1,0,1,0,3,1,0,2,0,0
LOCALIZAÇÃO DE VEICULO FURTADO OU ROUBADO,RIACHO FUNDO,4,1,3,5,2,1,1,1,1,2,2,2
HOMICÍDIO,GUARÁ,0,1,0,0,0,0,0,0,0,0,1,0
LATROCÍNIO,GUARÁ,0,0,0,0,0,0,0,0,0,0,0,0
LESÃO CORPORAL SEG. DE MORTE,GUARÁ,0,0,0,0,0,0,0,0,0,0,0,0
,GUARÁ,0,1,0,0,0,0,0,0,0,0,1,0
ROUBO A TRANSEUNTE,GUARÁ,18,29,22,36,36,26,27,26,28,22,24,16
ROUBO DE VEÍCULO,GUARÁ,2,1,2,2,2,0,0,2,2,2,0,1
ROUBO EM COLETIVO,GUARÁ,0,0,0,0,0,0,0,0,0,0,0,0
ROUBO EM COMÉRCIO *,GUARÁ,0,0,1,3,0,2,0,2,0,1,0,0
ROUBO EM RESIDÊNCIA,GUARÁ,0,0,0,1,0,0,0,0,0,0,0,0
FURTO EM VEÍCULO,GUARÁ,36,24,27,19,30,23,16,32,23,26,15,19
,GUARÁ,56,54,52,61,68,51,43,62,53,51,39,36
TENTATIVA DE HOMICÍDIO,GUARÁ,0,3,1,2,1,0,0,0,1,0,1,2
TENTATIVA DE LATROCÍNIO,GUARÁ,0,0,0,0,0,0,0,0,0,0,0,0
ESTUPRO,GUARÁ,2,0,4,0,3,3,1,3,1,4,5,0
FURTO A TRANSEUNTE,GUARÁ,13,4,2,7,13,6,2,5,3,2,3,4
TRÁFICO DE DROGAS,GUARÁ,7,1,3,7,5,5,7,11,6,5,4,6
USO E PORTE DE DROGAS,GUARÁ,17,6,11,10,15,4,8,6,5,7,7,3
POSSE/PORTE DE ARMA,GUARÁ,4,2,1,0,1,0,1,1,0,1,2,1
LOCALIZAÇÃO DE VEICULO FURTADO OU ROUBADO,GUARÁ,5,1,3,2,9,2,5,3,2,4,3,4
HOMICÍDIO,PLANALTINA,0,1,3,1,1,0,2,3,1,2,2,1
LATROCÍNIO,PLANALTINA,0,0,0,0,0,0,0,0,0,0,0,0
LESÃO CORPORAL SEG. DE MORTE,PLANALTINA,0,0,0,0,0,0,1,0,0,0,0,0
,PLANALTINA,0,1,3,1,1,0,3,3,1,2,2,1
ROUBO A TRANSEUNTE,PLANALTINA,61,35,45,45,55,30,29,49,51,49,59,26
ROUBO DE VEÍCULO,PLANALTINA,8,1,2,7,4,2,3,1,2,3,6,2
ROUBO EM COLETIVO,PLANALTINA,2,0,0,0,5,2,0,0,5,2,0,1
ROUBO EM COMÉRCIO *,PLANALTINA,1,0,0,3,4,2,1,4,3,3,1,1
ROUBO EM RESIDÊNCIA,PLANALTINA,1,0,2,2,0,1,1,0,0,0,0,0
FURTO EM VEÍCULO,PLANALTINA,12,7,8,6,3,11,6,14,11,7,5,11
,PLANALTINA,85,43,57,63,71,48,40,68,72,64,71,41
TENTATIVA DE HOMICÍDIO,PLANALTINA,2,2,1,3,1,0,1,0,7,4,5,6
TENTATIVA DE LATROCÍNIO,PLANALTINA,1,0,0,0,0,0,0,0,0,1,0,0
ESTUPRO,PLANALTINA,5,5,5,4,6,3,1,2,2,1,3,4
FURTO A TRANSEUNTE,PLANALTINA,9,7,13,8,9,7,6,13,6,6,6,3
TRÁFICO DE DROGAS,PLANALTINA,19,17,19,13,18,22,15,27,24,18,8,17
USO E PORTE DE DROGAS,PLANALTINA,37,12,18,12,7,12,16,14,18,12,5,6
POSSE/PORTE DE ARMA,PLANALTINA,4,12,6,4,10,7,6,5,10,10,3,10
LOCALIZAÇÃO DE VEICULO FURTADO OU ROUBADO,PLANALTINA,16,5,15,19,9,11,7,14,6,10,6,8
HOMICÍDIO,VICENTE PIRES,0,0,1,0,0,1,0,0,2,0,2,0
LATROCÍNIO,VICENTE PIRES,0,0,0,0,0,0,0,0,1,0,0,0
LESÃO CORPORAL SEG. DE MORTE,VICENTE PIRES,0,0,0,0,0,0,0,0,0,0,0,0
,VICENTE PIRES,0,0,1,0,0,1,0,0,3,0,2,0
ROUBO A TRANSEUNTE,VICENTE PIRES,11,12,14,10,8,9,12,8,13,17,7,20
ROUBO DE VEÍCULO,VICENTE PIRES,4,2,3,2,0,2,1,2,1,4,5,3
ROUBO EM COLETIVO,VICENTE PIRES,0,0,0,0,0,0,0,0,0,0,0,0
ROUBO EM COMÉRCIO *,VICENTE PIRES,1,0,0,0,0,0,0,0,0,0,1,0
ROUBO EM RESIDÊNCIA,VICENTE PIRES,0,1,0,1,0,0,0,0,0,0,1,1
FURTO EM VEÍCULO,VICENTE PIRES,19,11,14,9,15,11,11,7,9,10,4,7
,VICENTE PIRES,35,26,31,22,23,22,24,17,23,31,18,31
TENTATIVA DE HOMICÍDIO,VICENTE PIRES,0,1,0,0,0,1,2,2,4,0,1,1
TENTATIVA DE LATROCÍNIO,VICENTE PIRES,0,0,0,0,0,0,0,0,0,0,0,0
ESTUPRO,VICENTE PIRES,1,2,1,2,2,1,2,2,2,2,2,0
FURTO A TRANSEUNTE,VICENTE PIRES,2,1,2,2,1,0,2,2,1,2,2,0
TRÁFICO DE DROGAS,VICENTE PIRES,4,5,6,3,2,3,5,1,6,5,2,4
USO E PORTE DE DROGAS,VICENTE PIRES,11,10,7,6,4,6,5,2,4,4,2,3
POSSE/PORTE DE ARMA,VICENTE PIRES,0,2,2,4,1,2,3,1,2,1,1,3
LOCALIZAÇÃO DE VEICULO FURTADO OU ROUBADO,VICENTE PIRES,4,6,5,3,2,5,6,10,12,5,5,4
HOMICÍDIO,SUDOESTE,0,0,0,0,0,0,0,0,0,0,0,0
LATROCÍNIO,SUDOESTE,0,0,0,0,0,0,0,0,0,0,0,0
LESÃO CORPORAL SEG. DE MORTE,SUDOESTE,0,0,0,0,0,0,0,0,0,0,0,0
,SUDOESTE,0,0,0,0,0,0,0,0,0,0,0,0
ROUBO A TRANSEUNTE,SUDOESTE,1,3,2,2,3,2,2,2,3,1,2,0
ROUBO DE VEÍCULO,SUDOESTE,0,0,1,0,0,0,0,0,0,0,1,0
ROUBO EM COLETIVO,SUDOESTE,1,0,0,1,0,0,0,0,1,0,0,0
ROUBO EM COMÉRCIO *,SUDOESTE,1,0,0,0,0,0,0,0,0,0,1,0
ROUBO EM RESIDÊNCIA,SUDOESTE,0,0,0,0,0,0,0,0,0,0,0,0
FURTO EM VEÍCULO,SUDOESTE,11,2,4,10,8,2,2,5,6,10,6,1
,SUDOESTE,14,5,7,13,11,4,4,7,10,11,10,1
TENTATIVA DE HOMICÍDIO,SUDOESTE,0,0,0,0,1,0,0,0,0,0,0,0
TENTATIVA DE LATROCÍNIO,SUDOESTE,0,0,0,0,0,0,0,0,0,0,0,0
ESTUPRO,SUDOESTE,0,0,0,0,0,0,0,0,0,1,1,0
FURTO A TRANSEUNTE,SUDOESTE,0,1,0,1,0,0,2,0,0,2,0,0
TRÁFICO DE DROGAS,SUDOESTE,0,0,0,0,0,1,2,2,1,3,0,1
USO E PORTE DE DROGAS,SUDOESTE,4,1,0,6,5,5,1,1,1,1,0,2
POSSE/PORTE DE ARMA,SUDOESTE,0,0,0,1,0,0,0,0,1,0,0,0
LOCALIZAÇÃO DE VEICULO FURTADO OU ROUBADO,SUDOESTE,0,0,1,0,1,0,0,0,1,1,0,1
HOMICÍDIO,LAGO SUL,0,0,0,0,0,0,1,0,0,0,0,0
LATROCÍNIO,LAGO SUL,0,0,0,0,0,0,0,0,0,0,0,0
LESÃO CORPORAL SEG. DE MORTE,LAGO SUL,0,0,0,0,0,0,0,0,0,0,0,0
,LAGO SUL,0,0,0,0,0,0,1,0,0,0,0,0
ROUBO A TRANSEUNTE,LAGO SUL,2,2,1,2,0,1,2,2,4,2,1,2
ROUBO DE VEÍCULO,LAGO SUL,0,0,0,0,0,0,0,0,0,3,0,0
ROUBO EM COLETIVO,LAGO SUL,0,0,1,0,0,1,0,0,0,0,0,0
ROUBO EM COMÉRCIO *,LAGO SUL,0,0,0,0,0,0,0,0,1,0,0,0
ROUBO EM RESIDÊNCIA,LAGO SUL,0,0,0,0,0,0,0,1,0,0,1,1
FURTO EM VEÍCULO,LAGO SUL,6,3,1,6,1,0,2,4,3,1,3,3
,LAGO SUL,8,5,3,8,1,2,4,7,8,6,5,6
TENTATIVA DE HOMICÍDIO,LAGO SUL,0,0,0,0,0,0,0,0,0,0,0,0
TENTATIVA DE LATROCÍNIO,LAGO SUL,0,0,0,0,0,0,0,0,0,0,0,1
ESTUPRO,LAGO SUL,0,1,1,0,1,1,0,0,0,1,0,0
FURTO A TRANSEUNTE,LAGO SUL,2,1,1,2,2,2,4,3,1,2,0,3
TRÁFICO DE DROGAS,LAGO SUL,1,1,1,0,0,0,0,0,0,0,0,0
USO E PORTE DE DROGAS,LAGO SUL,2,0,1,4,0,1,1,0,0,1,1,1
POSSE/PORTE DE ARMA,LAGO SUL,0,0,0,0,2,0,1,0,0,0,0,0
LOCALIZAÇÃO DE VEICULO FURTADO OU ROUBADO,LAGO SUL,1,0,0,1,1,2,3,0,0,0,1,2
HOMICÍDIO,SCIA-ESTRUTURAL,0,0,1,1,0,1,0,3,0,1,0,4
LATROCÍNIO,SCIA-ESTRUTURAL,0,0,0,0,0,0,0,0,0,0,0,0
LESÃO CORPORAL SEG. DE MORTE,SCIA-ESTRUTURAL,0,0,0,0,0,0,0,0,0,0,0,0
,SCIA-ESTRUTURAL,0,0,1,1,0,1,0,3,0,1,0,4
ROUBO A TRANSEUNTE,SCIA-ESTRUTURAL,18,13,20,15,22,14,9,16,21,18,21,8
ROUBO DE VEÍCULO,SCIA-ESTRUTURAL,0,4,2,2,5,2,2,1,2,2,0,3
ROUBO EM COLETIVO,SCIA-ESTRUTURAL,1,0,0,1,12,1,2,2,0,2,2,0
ROUBO EM COMÉRCIO *,SCIA-ESTRUTURAL,1,0,1,0,3,6,2,1,0,0,0,0
ROUBO EM RESIDÊNCIA,SCIA-ESTRUTURAL,1,0,0,0,1,1,0,0,0,0,0,0
FURTO EM VEÍCULO,SCIA-ESTRUTURAL,7,7,2,1,3,0,6,2,6,4,5,2
,SCIA-ESTRUTURAL,28,24,25,19,46,24,21,22,29,26,28,13
TENTATIVA DE HOMICÍDIO,SCIA-ESTRUTURAL,5,1,4,1,2,3,1,0,2,1,1,1
TENTATIVA DE LATROCÍNIO,SCIA-ESTRUTURAL,0,1,0,0,0,0,0,0,0,1,0,1
ESTUPRO,SCIA-ESTRUTURAL,1,2,2,2,3,0,0,5,4,2,2,1
FURTO A TRANSEUNTE,SCIA-ESTRUTURAL,3,3,0,3,0,1,2,0,3,3,1,5
TRÁFICO DE DROGAS,SCIA-ESTRUTURAL,12,6,6,10,10,11,17,11,7,9,7,10
USO E PORTE DE DROGAS,SCIA-ESTRUTURAL,25,16,19,15,18,26,10,10,9,8,7,10
POSSE/PORTE DE ARMA,SCIA-ESTRUTURAL,1,5,8,4,7,2,5,3,6,2,7,5
LOCALIZAÇÃO DE VEICULO FURTADO OU ROUBADO,SCIA-ESTRUTURAL,9,13,16,6,11,14,13,18,20,19,21,21
HOMICÍDIO,VARJÃO DO TORTO,0,0,0,0,0,0,0,0,0,0,0,0
LATROCÍNIO,VARJÃO DO TORTO,0,0,0,0,0,0,0,0,0,0,0,0
LESÃO CORPORAL SEG. DE MORTE,VARJÃO DO TORTO,0,0,0,0,0,0,0,0,0,0,0,0
,VARJÃO DO TORTO,0,0,0,0,0,0,0,0,0,0,0,0
ROUBO A TRANSEUNTE,VARJÃO DO TORTO,0,1,0,0,0,1,2,0,0,0,0,0
ROUBO DE VEÍCULO,VARJÃO DO TORTO,0,0,0,0,0,0,0,0,0,0,0,0
ROUBO EM COLETIVO,VARJÃO DO TORTO,0,0,0,0,0,0,0,0,0,0,0,0
ROUBO EM COMÉRCIO *,VARJÃO DO TORTO,0,0,0,0,0,0,0,0,1,0,0,0
ROUBO EM RESIDÊNCIA,VARJÃO DO TORTO,0,0,0,0,0,0,0,0,0,0,0,0
FURTO EM VEÍCULO,VARJÃO DO TORTO,0,1,0,2,0,0,0,0,0,0,1,1
,VARJÃO DO TORTO,0,2,0,2,0,1,2,0,1,0,1,1
TENTATIVA DE HOMICÍDIO,VARJÃO DO TORTO,0,0,0,0,0,0,0,1,1,1,0,0
TENTATIVA DE LATROCÍNIO,VARJÃO DO TORTO,0,0,0,0,0,0,0,0,0,0,0,0
ESTUPRO,VARJÃO DO TORTO,0,1,0,1,0,2,0,0,0,0,0,0
FURTO A TRANSEUNTE,VARJÃO DO TORTO,0,0,0,0,0,0,0,2,0,0,0,0
TRÁFICO DE DROGAS,VARJÃO DO TORTO,2,3,1,0,2,0,2,0,0,0,1,0
USO E PORTE DE DROGAS,VARJÃO DO TORTO,4,1,1,1,3,1,0,1,0,4,1,2
POSSE/PORTE DE ARMA,VARJÃO DO TORTO,1,1,0,0,1,1,0,0,0,0,3,0
LOCALIZAÇÃO DE VEICULO FURTADO OU ROUBADO,VARJÃO DO TORTO,0,2,2,0,4,0,0,0,1,0,0,1
HOMICÍDIO,BRAZLÂNDIA,0,0,1,0,1,1,0,1,1,0,0,0
LATROCÍNIO,BRAZLÂNDIA,0,1,0,0,0,0,0,0,0,0,0,0
LESÃO CORPORAL SEG. DE MORTE,BRAZLÂNDIA,0,0,0,0,0,0,0,0,0,0,1,0
,BRAZLÂNDIA,0,1,1,0,1,1,0,1,1,0,1,0
ROUBO A TRANSEUNTE,BRAZLÂNDIA,9,5,5,10,6,3,5,5,4,3,2,4
ROUBO DE VEÍCULO,BRAZLÂNDIA,1,2,4,1,2,1,2,2,1,0,0,2
ROUBO EM COLETIVO,BRAZLÂNDIA,0,0,0,0,0,0,0,0,0,0,0,0
ROUBO EM COMÉRCIO *,BRAZLÂNDIA,0,1,0,0,0,1,0,0,0,0,0,0
ROUBO EM RESIDÊNCIA,BRAZLÂNDIA,0,0,0,1,3,0,2,0,0,0,0,0
FURTO EM VEÍCULO,BRAZLÂNDIA,5,1,5,5,5,4,3,2,3,6,2,4
,BRAZLÂNDIA,15,9,14,17,16,9,12,9,8,9,4,10
TENTATIVA DE HOMICÍDIO,BRAZLÂNDIA,0,3,1,1,2,4,2,1,4,4,4,3
TENTATIVA DE LATROCÍNIO,BRAZLÂNDIA,0,0,0,0,0,0,0,0,0,0,0,0
ESTUPRO,BRAZLÂNDIA,3,4,3,5,2,3,2,3,3,2,4,2
FURTO A TRANSEUNTE,BRAZLÂNDIA,0,1,1,2,0,4,2,3,2,0,0,2
TRÁFICO DE DROGAS,BRAZLÂNDIA,6,5,3,4,9,3,5,7,2,7,4,4
USO E PORTE DE DROGAS,BRAZLÂNDIA,9,10,9,11,10,8,5,6,2,7,1,4
POSSE/PORTE DE ARMA,BRAZLÂNDIA,1,3,1,5,2,1,2,3,3,0,1,1
LOCALIZAÇÃO DE VEICULO FURTADO OU ROUBADO,BRAZLÂNDIA,1,3,8,1,2,6,2,1,3,2,0,4
HOMICÍDIO,FERCAL,0,0,1,0,1,0,1,0,0,0,0,0
LATROCÍNIO,FERCAL,0,0,0,0,0,0,0,0,0,0,0,1
LESÃO CORPORAL SEG. DE MORTE,FERCAL,0,0,0,0,0,0,0,0,0,0,0,0
,FERCAL,0,0,1,0,1,0,1,0,0,0,0,1
ROUBO A TRANSEUNTE,FERCAL,1,1,3,1,0,1,0,1,2,0,1,0
ROUBO DE VEÍCULO,FERCAL,0,0,2,0,0,0,0,0,2,0,0,1
ROUBO EM COLETIVO,FERCAL,0,0,0,0,0,0,0,0,0,0,0,0
ROUBO EM COMÉRCIO *,FERCAL,0,0,1,0,0,1,0,0,0,0,0,0
ROUBO EM RESIDÊNCIA,FERCAL,0,0,0,0,0,0,0,0,0,0,0,0
FURTO EM VEÍCULO,FERCAL,2,0,0,0,1,0,0,0,0,1,0,0
,FERCAL,3,1,6,1,1,2,0,1,4,1,1,1
TENTATIVA DE HOMICÍDIO,FERCAL,0,0,2,0,0,0,0,0,2,0,0,1
TENTATIVA DE LATROCÍNIO,FERCAL,0,0,0,0,0,0,0,0,0,0,0,0
ESTUPRO,FERCAL,1,0,0,0,0,1,1,1,0,0,2,0
FURTO A TRANSEUNTE,FERCAL,0,0,0,0,0,0,0,0,0,0,1,0
TRÁFICO DE DROGAS,FERCAL,0,1,0,1,0,0,0,0,0,0,0,0
USO E PORTE DE DROGAS,FERCAL,0,0,1,1,1,0,0,0,0,0,0,0
POSSE/PORTE DE ARMA,FERCAL,1,1,0,0,0,0,1,1,1,0,0,0
LOCALIZAÇÃO DE VEICULO FURTADO OU ROUBADO,FERCAL,1,2,2,0,0,0,1,0,1,0,0,0
HOMICÍDIO,SOBRADINHO II,0,2,0,0,0,1,0,1,2,0,1,0
LATROCÍNIO,SOBRADINHO II,0,0,0,0,0,0,0,0,0,0,0,0
LESÃO CORPORAL SEG. DE MORTE,SOBRADINHO II,0,0,0,0,0,0,0,0,0,0,0,0
,SOBRADINHO II,0,2,0,0,0,1,0,1,2,0,1,0
ROUBO A TRANSEUNTE,SOBRADINHO II,18,7,9,12,9,7,8,6,8,4,6,3
ROUBO DE VEÍCULO,SOBRADINHO II,2,0,1,2,0,3,1,2,0,0,1,1
ROUBO EM COLETIVO,SOBRADINHO II,1,0,0,0,0,0,0,0,0,0,0,0
ROUBO EM COMÉRCIO *,SOBRADINHO II,0,1,0,0,0,0,0,0,0,1,0,0
ROUBO EM RESIDÊNCIA,SOBRADINHO II,0,0,0,0,0,0,0,0,0,0,0,0
FURTO EM VEÍCULO,SOBRADINHO II,7,2,6,1,3,1,3,2,2,0,2,1
,SOBRADINHO II,28,10,16,15,12,11,12,10,10,5,9,5
TENTATIVA DE HOMICÍDIO,SOBRADINHO II,1,0,1,1,0,0,1,1,2,3,0,0
TENTATIVA DE LATROCÍNIO,SOBRADINHO II,0,0,0,0,1,0,0,0,0,2,0,0
ESTUPRO,SOBRADINHO II,3,0,2,2,3,3,0,3,1,1,2,0
FURTO A TRANSEUNTE,SOBRADINHO II,1,4,3,2,0,1,1,1,1,5,1,3
TRÁFICO DE DROGAS,SOBRADINHO II,5,4,5,3,3,4,3,4,3,2,4,4
USO E PORTE DE DROGAS,SOBRADINHO II,5,3,4,3,3,6,4,3,4,3,6,2
POSSE/PORTE DE ARMA,SOBRADINHO II,0,1,1,3,2,2,1,3,1,1,1,1
LOCALIZAÇÃO DE VEICULO FURTADO OU ROUBADO,SOBRADINHO II,2,1,1,4,1,3,3,4,2,3,1,5
HOMICÍDIO,JARDIM BOTÂNICO,2,1,0,0,1,0,0,0,0,0,0,1
LATROCÍNIO,JARDIM BOTÂNICO,0,0,0,0,0,0,0,0,0,0,0,0
LESÃO CORPORAL SEG. DE MORTE,JARDIM BOTÂNICO,0,0,0,0,0,0,0,0,0,0,0,0
,JARDIM BOTÂNICO,2,1,0,0,1,0,0,0,0,0,0,1
ROUBO A TRANSEUNTE,JARDIM BOTÂNICO,2,2,1,1,0,1,1,2,1,3,1,4
ROUBO DE VEÍCULO,JARDIM BOTÂNICO,0,0,0,0,0,0,0,0,0,0,0,0
ROUBO EM COLETIVO,JARDIM BOTÂNICO,1,0,0,0,0,0,0,0,0,0,0,0
ROUBO EM COMÉRCIO *,JARDIM BOTÂNICO,0,0,0,0,0,0,1,0,0,0,0,0
ROUBO EM RESIDÊNCIA,JARDIM BOTÂNICO,0,0,0,0,0,0,0,0,0,0,0,0
FURTO EM VEÍCULO,JARDIM BOTÂNICO,2,0,1,1,3,0,1,1,0,0,1,0
,JARDIM BOTÂNICO,5,2,2,2,3,1,3,3,1,3,2,4
TENTATIVA DE HOMICÍDIO,JARDIM BOTÂNICO,0,0,1,0,0,0,0,0,0,1,0,1
TENTATIVA DE LATROCÍNIO,JARDIM BOTÂNICO,0,0,0,0,0,0,0,0,0,0,0,0
ESTUPRO,JARDIM BOTÂNICO,0,1,0,2,1,1,0,1,3,0,1,1
FURTO A TRANSEUNTE,JARDIM BOTÂNICO,0,0,0,1,1,0,0,1,0,0,0,0
TRÁFICO DE DROGAS,JARDIM BOTÂNICO,3,1,4,2,3,1,3,1,1,2,1,1
USO E PORTE DE DROGAS,JARDIM BOTÂNICO,2,0,3,2,1,1,1,1,1,0,0,2
POSSE/PORTE DE ARMA,JARDIM BOTÂNICO,2,0,0,3,2,0,0,0,1,0,0,3
LOCALIZAÇÃO DE VEICULO FURTADO OU ROUBADO,JARDIM BOTÂNICO,0,0,0,2,0,0,2,0,0,0,0,3
HOMICÍDIO,SÃO SEBASTIÃO,0,1,0,0,0,2,4,1,0,1,0,0
LATROCÍNIO,SÃO SEBASTIÃO,0,0,0,0,0,0,0,0,0,0,0,0
LESÃO CORPORAL SEG. DE MORTE,SÃO SEBASTIÃO,0,0,0,0,0,0,0,0,0,0,0,0
,SÃO SEBASTIÃO,0,1,0,0,0,2,4,1,0,1,0,0
ROUBO A TRANSEUNTE,SÃO SEBASTIÃO,29,18,35,33,26,30,23,26,38,15,25,17
ROUBO DE VEÍCULO,SÃO SEBASTIÃO,0,0,1,3,0,0,2,2,2,1,0,3
ROUBO EM COLETIVO,SÃO SEBASTIÃO,0,0,1,0,0,0,0,0,0,0,0,0
ROUBO EM COMÉRCIO *,SÃO SEBASTIÃO,1,1,1,3,2,2,0,1,1,0,1,2
ROUBO EM RESIDÊNCIA,SÃO SEBASTIÃO,3,0,0,1,0,0,0,0,3,1,1,1
FURTO EM VEÍCULO,SÃO SEBASTIÃO,13,9,4,5,7,1,4,1,2,2,5,3
,SÃO SEBASTIÃO,46,28,42,45,35,33,29,30,46,19,32,26
TENTATIVA DE HOMICÍDIO,SÃO SEBASTIÃO,2,2,4,6,3,1,1,4,5,1,3,1
TENTATIVA DE LATROCÍNIO,SÃO SEBASTIÃO,0,1,1,2,0,0,0,0,0,0,0,0
ESTUPRO,SÃO SEBASTIÃO,3,4,4,6,8,7,4,6,4,3,2,3
FURTO A TRANSEUNTE,SÃO SEBASTIÃO,5,7,2,5,0,3,6,2,3,2,5,1
TRÁFICO DE DROGAS,SÃO SEBASTIÃO,6,4,10,7,8,5,3,5,12,8,2,3
USO E PORTE DE DROGAS,SÃO SEBASTIÃO,16,9,6,10,6,9,4,3,8,5,3,6
POSSE/PORTE DE ARMA,SÃO SEBASTIÃO,8,6,5,4,4,6,5,6,8,7,3,6
LOCALIZAÇÃO DE VEICULO FURTADO OU ROUBADO,SÃO SEBASTIÃO,4,4,3,4,4,3,4,8,8,12,8,5
HOMICÍDIO,CEILÂNDIA,5,1,3,3,3,2,3,2,5,3,1,3
LATROCÍNIO,CEILÂNDIA,0,1,0,0,0,0,0,0,0,0,0,0
LESÃO CORPORAL SEG. DE MORTE,CEILÂNDIA,0,1,0,0,0,0,0,0,0,0,0,0
,CEILÂNDIA,5,3,3,3,3,2,3,2,5,3,1,3
ROUBO A TRANSEUNTE,CEILÂNDIA,156,178,196,200,193,193,178,198,173,180,187,153
ROUBO DE VEÍCULO,CEILÂNDIA,11,11,14,17,23,14,12,16,20,16,13,12
ROUBO EM COLETIVO,CEILÂNDIA,4,3,3,3,0,0,5,3,2,1,4,2
ROUBO EM COMÉRCIO *,CEILÂNDIA,8,7,9,3,2,6,10,3,2,7,1,2
ROUBO EM RESIDÊNCIA,CEILÂNDIA,0,1,0,2,2,2,1,3,0,1,2,2
FURTO EM VEÍCULO,CEILÂNDIA,53,40,43,42,57,70,61,64,60,45,43,66
,CEILÂNDIA,232,240,265,267,277,285,267,287,257,250,250,237
TENTATIVA DE HOMICÍDIO,CEILÂNDIA,9,3,3,5,8,4,7,10,4,12,5,15
TENTATIVA DE LATROCÍNIO,CEILÂNDIA,0,0,1,0,1,2,1,1,0,3,1,0
ESTUPRO,CEILÂNDIA,12,8,11,6,20,7,16,5,18,16,9,4
FURTO A TRANSEUNTE,CEILÂNDIA,41,25,43,40,26,34,25,36,20,23,50,28
TRÁFICO DE DROGAS,CEILÂNDIA,39,23,35,46,36,55,46,39,29,31,28,40
USO E PORTE DE DROGAS,CEILÂNDIA,46,43,38,45,55,31,23,16,16,19,18,23
POSSE/PORTE DE ARMA,CEILÂNDIA,17,6,13,14,14,10,10,9,8,12,8,17
LOCALIZAÇÃO DE VEICULO FURTADO OU ROUBADO,CEILÂNDIA,34,21,33,27,44,28,32,28,27,25,25,28
HOMICÍDIO,PARANOÁ,1,1,1,0,1,0,0,2,0,0,0,0
LATROCÍNIO,PARANOÁ,0,0,0,0,0,0,0,0,0,0,0,0
LESÃO CORPORAL SEG. DE MORTE,PARANOÁ,0,0,0,0,0,0,0,0,0,0,0,0
,PARANOÁ,1,1,1,0,1,0,0,2,0,0,0,0
ROUBO A TRANSEUNTE,PARANOÁ,23,31,41,65,38,44,29,48,36,36,28,30
ROUBO DE VEÍCULO,PARANOÁ,0,1,3,1,2,1,0,1,4,1,1,0
ROUBO EM COLETIVO,PARANOÁ,0,0,0,0,1,1,0,0,0,0,1,0
ROUBO EM COMÉRCIO *,PARANOÁ,0,2,4,3,0,1,0,3,0,2,11,4
ROUBO EM RESIDÊNCIA,PARANOÁ,1,0,0,1,1,0,0,1,1,0,1,1
FURTO EM VEÍCULO,PARANOÁ,6,2,9,13,5,4,11,6,11,2,9,5
,PARANOÁ,30,36,57,83,47,51,40,59,52,41,51,40
TENTATIVA DE HOMICÍDIO,PARANOÁ,2,1,1,0,2,2,3,2,2,1,4,2
TENTATIVA DE LATROCÍNIO,PARANOÁ,0,1,0,0,0,1,2,0,1,0,0,0
ESTUPRO,PARANOÁ,1,5,1,5,3,4,3,5,0,2,5,7
FURTO A TRANSEUNTE,PARANOÁ,3,15,2,14,9,7,15,4,11,4,4,8
TRÁFICO DE DROGAS,PARANOÁ,5,6,4,8,8,7,5,6,15,9,3,4
USO E PORTE DE DROGAS,PARANOÁ,8,14,11,6,3,7,3,1,9,4,6,4
POSSE/PORTE DE ARMA,PARANOÁ,6,6,5,4,2,4,2,6,4,1,2,3
LOCALIZAÇÃO DE VEICULO FURTADO OU ROUBADO,PARANOÁ,7,3,6,3,3,2,4,3,2,7,6,3
HOMICÍDIO,RECANTO DAS EMAS,2,1,0,3,1,0,1,1,1,1,2,0
LATROCÍNIO,RECANTO DAS EMAS,0,0,0,0,0,0,0,0,0,0,0,0
LESÃO CORPORAL SEG. DE MORTE,RECANTO DAS EMAS,0,0,0,0,0,0,0,0,0,0,0,0
,RECANTO DAS EMAS,2,1,0,3,1,0,1,1,1,1,2,0
ROUBO A TRANSEUNTE,RECANTO DAS EMAS,42,51,41,50,29,53,59,50,28,42,42,42
ROUBO DE VEÍCULO,RECANTO DAS EMAS,4,8,3,6,6,1,4,8,6,4,6,4
ROUBO EM COLETIVO,RECANTO DAS EMAS,3,0,3,2,2,0,0,0,1,0,2,1
ROUBO EM COMÉRCIO *,RECANTO DAS EMAS,4,4,2,2,0,4,2,6,3,1,0,3
ROUBO EM RESIDÊNCIA,RECANTO DAS EMAS,1,2,5,1,0,0,1,1,1,2,0,0
FURTO EM VEÍCULO,RECANTO DAS EMAS,12,4,8,6,13,2,9,8,8,6,11,7
,RECANTO DAS EMAS,66,69,62,67,50,60,75,73,47,55,61,57
TENTATIVA DE HOMICÍDIO,RECANTO DAS EMAS,6,7,6,5,1,3,2,5,7,6,3,6
TENTATIVA DE LATROCÍNIO,RECANTO DAS EMAS,0,1,0,0,1,0,0,0,0,2,0,0
ESTUPRO,RECANTO DAS EMAS,9,2,7,4,6,9,5,5,10,5,6,1
FURTO A TRANSEUNTE,RECANTO DAS EMAS,6,5,6,6,3,6,3,2,4,6,6,3
TRÁFICO DE DROGAS,RECANTO DAS EMAS,1,8,6,4,7,13,5,5,7,7,9,6
USO E PORTE DE DROGAS,RECANTO DAS EMAS,18,37,24,19,5,13,7,5,5,3,5,5
POSSE/PORTE DE ARMA,RECANTO DAS EMAS,1,3,8,6,4,6,3,7,7,6,4,9
LOCALIZAÇÃO DE VEICULO FURTADO OU ROUBADO,RECANTO DAS EMAS,17,17,18,20,19,20,20,15,22,16,14,17
HOMICÍDIO,SANTA MARIA,2,0,1,0,1,2,2,0,0,1,1,2
LATROCÍNIO,SANTA MARIA,0,0,0,0,0,0,0,0,0,0,0,0
LESÃO CORPORAL SEG. DE MORTE,SANTA MARIA,0,0,0,0,0,0,0,0,1,0,0,0
,SANTA MARIA,2,0,1,0,1,2,2,0,1,1,1,2
ROUBO A TRANSEUNTE,SANTA MARIA,60,46,48,53,58,42,46,76,55,45,61,39
ROUBO DE VEÍCULO,SANTA MARIA,7,6,3,5,1,1,2,5,5,8,1,9
ROUBO EM COLETIVO,SANTA MARIA,0,0,1,5,12,0,1,0,1,2,2,0
ROUBO EM COMÉRCIO *,SANTA MARIA,4,1,10,1,5,0,3,2,0,1,3,3
ROUBO EM RESIDÊNCIA,SANTA MARIA,0,0,1,0,0,0,0,0,1,0,0,1
FURTO EM VEÍCULO,SANTA MARIA,6,8,6,4,7,9,4,8,5,6,8,8
,SANTA MARIA,77,61,69,68,83,52,56,91,67,62,75,60
TENTATIVA DE HOMICÍDIO,SANTA MARIA,3,3,8,3,1,4,2,3,3,6,0,6
TENTATIVA DE LATROCÍNIO,SANTA MARIA,0,0,1,0,0,0,0,0,0,1,0,1
ESTUPRO,SANTA MARIA,6,0,4,4,3,6,2,6,8,2,3,2
FURTO A TRANSEUNTE,SANTA MARIA,7,3,2,4,3,6,2,7,3,5,5,3
TRÁFICO DE DROGAS,SANTA MARIA,8,4,9,16,5,6,2,4,6,5,7,11
USO E PORTE DE DROGAS,SANTA MARIA,11,11,8,14,9,9,8,10,5,5,3,7
POSSE/PORTE DE ARMA,SANTA MARIA,4,4,3,3,4,4,3,2,1,5,2,5
LOCALIZAÇÃO DE VEICULO FURTADO OU ROUBADO,SANTA MARIA,8,7,10,10,11,6,8,7,11,13,6,8
HOMICÍDIO,BRASILIA,0,1,1,0,0,1,1,0,1,1,2,0
LATROCÍNIO,BRASILIA,0,0,0,0,0,0,0,0,0,0,0,0
LESÃO CORPORAL SEG. DE MORTE,BRASILIA,0,0,0,0,0,1,0,0,0,0,0,0
,BRASILIA,0,1,1,0,0,2,1,0,1,1,2,0
ROUBO A TRANSEUNTE,BRASILIA,63,93,78,102,118,79,81,82,85,73,79,58
ROUBO DE VEÍCULO,BRASILIA,1,3,5,4,3,0,3,1,1,6,4,1
ROUBO EM COLETIVO,BRASILIA,3,0,2,1,2,1,2,3,0,3,0,0
ROUBO EM COMÉRCIO *,BRASILIA,6,2,2,1,2,2,5,6,2,2,2,0
ROUBO EM RESIDÊNCIA,BRASILIA,0,0,0,0,1,1,0,0,0,0,0,1
FURTO EM VEÍCULO,BRASILIA,246,210,231,228,216,166,166,212,280,270,202,145
,BRASILIA,319,308,318,336,342,249,257,304,368,354,287,205
TENTATIVA DE HOMICÍDIO,BRASILIA,0,2,2,4,1,3,4,1,1,2,2,0
TENTATIVA DE LATROCÍNIO,BRASILIA,0,0,1,0,1,2,0,0,1,0,0,2
ESTUPRO,BRASILIA,4,7,3,3,6,5,5,2,7,2,4,4
FURTO A TRANSEUNTE,BRASILIA,38,67,44,62,44,36,62,46,39,39,43,34
TRÁFICO DE DROGAS,BRASILIA,32,41,26,27,15,19,25,25,30,21,31,20
USO E PORTE DE DROGAS,BRASILIA,63,63,61,49,42,58,29,15,16,10,18,40
POSSE/PORTE DE ARMA,BRASILIA,2,3,2,2,2,2,0,4,0,0,1,2
LOCALIZAÇÃO DE VEICULO FURTADO OU ROUBADO,BRASILIA,25,27,13,11,25,16,17,23,12,20,8,16
HOMICÍDIO,SOL NASCENTE,1,1,2,1,1,0,2,0,2,1,0,0
LATROCÍNIO,SOL NASCENTE,0,0,0,0,0,0,0,0,0,0,0,0
LESÃO CORPORAL SEG. DE MORTE,SOL NASCENTE,0,0,0,0,0,0,0,0,0,0,0,0
,SOL NASCENTE,1,1,2,1,1,0,2,0,2,1,0,0
ROUBO A TRANSEUNTE,SOL NASCENTE,19,12,21,22,20,22,21,18,18,16,15,9
ROUBO DE VEÍCULO,SOL NASCENTE,0,1,5,3,2,5,3,3,2,1,4,3
ROUBO EM COLETIVO,SOL NASCENTE,0,0,0,1,0,0,0,0,0,0,0,0
ROUBO EM COMÉRCIO *,SOL NASCENTE,1,2,1,1,1,1,0,0,2,0,1,0
ROUBO EM RESIDÊNCIA,SOL NASCENTE,0,1,4,0,2,0,1,1,1,4,0,0
FURTO EM VEÍCULO,SOL NASCENTE,3,3,5,2,4,3,3,6,1,3,4,3
,SOL NASCENTE,23,19,36,29,29,31,28,28,24,24,24,15
TENTATIVA DE HOMICÍDIO,SOL NASCENTE,3,5,1,4,4,2,1,3,2,6,1,3
TENTATIVA DE LATROCÍNIO,SOL NASCENTE,0,0,1,0,1,0,1,0,0,0,0,0
ESTUPRO,SOL NASCENTE,1,1,3,3,5,4,0,4,4,1,3,5
FURTO A TRANSEUNTE,SOL NASCENTE,2,3,3,1,2,0,4,0,2,1,1,1
TRÁFICO DE DROGAS,SOL NASCENTE,3,7,5,6,4,9,11,0,5,10,7,4
USO E PORTE DE DROGAS,SOL NASCENTE,6,5,6,7,5,7,5,3,2,6,9,8
POSSE/PORTE DE ARMA,SOL NASCENTE,6,3,3,6,7,4,5,1,3,5,2,4
LOCALIZAÇÃO DE VEICULO FURTADO OU ROUBADO,SOL NASCENTE,20,7,11,18,10,8,11,12,11,7,12,12
HOMICÍDIO,NÚCLEO BANDEIRANTE,0,1,0,0,0,0,0,0,0,0,0,1
LATROCÍNIO,NÚCLEO BANDEIRANTE,0,0,0,0,0,0,0,0,0,0,0,0
LESÃO CORPORAL SEG. DE MORTE,NÚCLEO BANDEIRANTE,0,0,0,0,0,0,0,0,0,0,0,0
,NÚCLEO BANDEIRANTE,0,1,0,0,0,0,0,0,0,0,0,1
ROUBO A TRANSEUNTE,NÚCLEO BANDEIRANTE,6,11,8,5,5,7,5,5,12,9,11,8
ROUBO DE VEÍCULO,NÚCLEO BANDEIRANTE,1,0,0,1,3,0,1,0,0,0,1,1
ROUBO EM COLETIVO,NÚCLEO BANDEIRANTE,0,0,0,0,2,2,6,2,0,1,0,0
ROUBO EM COMÉRCIO *,NÚCLEO BANDEIRANTE,0,2,0,0,0,0,1,1,1,1,1,1
ROUBO EM RESIDÊNCIA,NÚCLEO BANDEIRANTE,0,0,0,0,0,0,0,1,0,0,0,0
FURTO EM VEÍCULO,NÚCLEO BANDEIRANTE,17,7,4,11,10,6,4,8,17,9,9,7
,NÚCLEO BANDEIRANTE,24,20,12,17,20,15,17,17,30,20,22,17
TENTATIVA DE HOMICÍDIO,NÚCLEO BANDEIRANTE,0,1,0,1,0,0,0,0,0,0,0,1
TENTATIVA DE LATROCÍNIO,NÚCLEO BANDEIRANTE,0,0,0,0,0,0,0,0,0,0,0,0
ESTUPRO,NÚCLEO BANDEIRANTE,0,1,1,0,1,0,1,0,1,0,0,1
FURTO A TRANSEUNTE,NÚCLEO BANDEIRANTE,1,3,3,0,2,2,1,2,1,2,1,3
TRÁFICO DE DROGAS,NÚCLEO BANDEIRANTE,6,0,1,0,1,0,2,1,0,0,3,0
USO E PORTE DE DROGAS,NÚCLEO BANDEIRANTE,3,1,2,2,0,2,1,2,0,0,0,4
POSSE/PORTE DE ARMA,NÚCLEO BANDEIRANTE,0,0,0,1,1,1,1,0,0,0,0,0
LOCALIZAÇÃO DE VEICULO FURTADO OU ROUBADO,NÚCLEO BANDEIRANTE,6,1,3,2,1,0,3,1,1,3,1,3
HOMICÍDIO,ÁGUAS CLARAS,1,0,0,0,1,0,0,0,0,0,0,0
LATROCÍNIO,ÁGUAS CLARAS,0,0,0,0,0,0,0,0,0,0,0,0
LESÃO CORPORAL SEG. DE MORTE,ÁGUAS CLARAS,0,0,0,0,0,0,0,0,0,0,0,0
,ÁGUAS CLARAS,1,0,0,0,1,0,0,0,0,0,0,0
ROUBO A TRANSEUNTE,ÁGUAS CLARAS,10,14,14,14,17,22,16,18,14,18,16,14
ROUBO DE VEÍCULO,ÁGUAS CLARAS,0,0,3,3,0,2,1,0,3,0,4,2
ROUBO EM COLETIVO,ÁGUAS CLARAS,0,0,0,0,0,0,0,1,0,0,0,0
ROUBO EM COMÉRCIO *,ÁGUAS CLARAS,0,0,1,2,0,0,0,0,2,2,1,1
ROUBO EM RESIDÊNCIA,ÁGUAS CLARAS,0,0,0,0,0,0,0,1,1,0,0,0
FURTO EM VEÍCULO,ÁGUAS CLARAS,50,26,31,50,44,24,24,28,26,22,22,12
,ÁGUAS CLARAS,60,40,49,69,61,48,41,48,46,42,43,29
TENTATIVA DE HOMICÍDIO,ÁGUAS CLARAS,0,0,3,0,1,1,2,0,0,1,0,0
TENTATIVA DE LATROCÍNIO,ÁGUAS CLARAS,1,0,0,0,0,0,0,0,0,0,0,1
ESTUPRO,ÁGUAS CLARAS,1,1,2,4,3,1,2,1,1,0,1,1
FURTO A TRANSEUNTE,ÁGUAS CLARAS,3,2,4,3,3,5,4,2,3,4,2,2
TRÁFICO DE DROGAS,ÁGUAS CLARAS,1,1,5,5,2,9,1,2,5,4,3,3
USO E PORTE DE DROGAS,ÁGUAS CLARAS,4,9,11,9,11,7,4,1,2,4,1,8
POSSE/PORTE DE ARMA,ÁGUAS CLARAS,1,1,2,1,1,2,1,1,0,0,1,1
LOCALIZAÇÃO DE VEICULO FURTADO OU ROUBADO,ÁGUAS CLARAS,2,3,5,2,4,3,2,6,1,3,5,4
HOMICÍDIO,ITAPOÃ,1,0,0,1,2,2,1,1,1,0,0,1
LATROCÍNIO,ITAPOÃ,0,0,0,0,0,0,1,0,0,0,0,0
LESÃO CORPORAL SEG. DE MORTE,ITAPOÃ,0,0,0,0,0,0,0,0,0,0,0,0
,ITAPOÃ,1,0,0,1,2,2,2,1,1,0,0,1
ROUBO A TRANSEUNTE,ITAPOÃ,21,33,31,35,46,22,26,33,28,25,22,22
ROUBO DE VEÍCULO,ITAPOÃ,2,2,2,3,4,0,3,2,1,3,2,3
ROUBO EM COLETIVO,ITAPOÃ,0,0,0,1,0,2,1,0,0,0,0,0
ROUBO EM COMÉRCIO *,ITAPOÃ,1,1,3,0,0,0,1,0,1,1,0,1
ROUBO EM RESIDÊNCIA,ITAPOÃ,1,2,1,1,1,0,0,2,1,0,1,0
FURTO EM VEÍCULO,ITAPOÃ,2,2,3,4,4,0,2,3,6,6,3,3
,ITAPOÃ,27,40,40,44,55,24,33,40,37,35,28,29
TENTATIVA DE HOMICÍDIO,ITAPOÃ,2,5,1,5,0,3,2,4,3,5,1,1
TENTATIVA DE LATROCÍNIO,ITAPOÃ,0,0,0,0,0,2,0,0,0,0,2,0
ESTUPRO,ITAPOÃ,4,5,1,3,6,3,3,1,1,3,3,1
FURTO A TRANSEUNTE,ITAPOÃ,3,5,6,6,3,3,4,3,5,3,1,1
TRÁFICO DE DROGAS,ITAPOÃ,9,5,4,4,3,5,14,13,5,8,3,6
USO E PORTE DE DROGAS,ITAPOÃ,6,3,7,4,1,5,4,5,2,3,4,3
POSSE/PORTE DE ARMA,ITAPOÃ,5,2,2,2,3,6,4,4,2,4,1,2
LOCALIZAÇÃO DE VEICULO FURTADO OU ROUBADO,ITAPOÃ,3,3,3,4,6,4,7,3,5,6,4,5
HOMICÍDIO,GAMA,1,0,2,1,1,0,1,2,1,2,1,0
LATROCÍNIO,GAMA,0,0,0,0,0,0,0,0,0,0,0,0
LESÃO CORPORAL SEG. DE MORTE,GAMA,0,0,0,0,0,0,0,1,0,0,0,0
,GAMA,1,0,2,1,1,0,1,3,1,2,1,0
ROUBO A TRANSEUNTE,GAMA,25,55,50,52,40,33,26,33,45,32,37,38
ROUBO DE VEÍCULO,GAMA,5,2,4,8,4,5,1,7,6,1,7,2
ROUBO EM COLETIVO,GAMA,0,0,0,0,0,0,0,0,0,0,0,0
ROUBO EM COMÉRCIO *,GAMA,0,3,0,2,1,0,1,2,0,0,2,2
ROUBO EM RESIDÊNCIA,GAMA,1,1,2,1,0,0,0,1,0,1,1,2
FURTO EM VEÍCULO,GAMA,23,28,28,33,11,17,12,14,12,20,8,10
,GAMA,54,89,84,96,56,55,40,57,63,54,55,54
TENTATIVA DE HOMICÍDIO,GAMA,5,3,2,0,2,1,3,1,2,3,1,1
TENTATIVA DE LATROCÍNIO,GAMA,2,0,0,0,0,0,0,2,0,0,0,0
ESTUPRO,GAMA,5,4,3,4,4,6,1,3,1,4,2,3
FURTO A TRANSEUNTE,GAMA,4,5,8,4,4,8,7,4,5,5,7,3
TRÁFICO DE DROGAS,GAMA,13,14,5,10,9,15,12,5,11,12,10,6
USO E PORTE DE DROGAS,GAMA,14,15,11,13,9,12,9,8,8,6,10,9
POSSE/PORTE DE ARMA,GAMA,5,7,9,2,6,4,7,3,5,3,1,4
LOCALIZAÇÃO DE VEICULO FURTADO OU ROUBADO,GAMA,15,5,10,10,15,9,4,7,4,8,8,7
HOMICÍDIO,ARNIQUEIRA,0,0,0,0,0,0,0,0,0,0,0,0
LATROCÍNIO,ARNIQUEIRA,0,0,0,0,0,0,0,0,0,0,0,0
LESÃO CORPORAL SEG. DE MORTE,ARNIQUEIRA,0,0,0,0,0,0,0,0,0,0,0,0
,ARNIQUEIRA,0,0,0,0,0,0,0,0,0,0,0,0
ROUBO A TRANSEUNTE,ARNIQUEIRA,6,8,4,2,6,5,2,2,1,4,3,1
ROUBO DE VEÍCULO,ARNIQUEIRA,1,1,2,1,0,0,0,0,0,0,0,1
ROUBO EM COLETIVO,ARNIQUEIRA,0,1,0,0,0,0,0,0,0,0,0,0
ROUBO EM COMÉRCIO *,ARNIQUEIRA,1,0,0,0,0,0,0,0,0,1,1,1
ROUBO EM RESIDÊNCIA,ARNIQUEIRA,0,0,0,0,0,0,0,0,0,0,0,0
FURTO EM VEÍCULO,ARNIQUEIRA,3,7,2,2,6,2,1,2,3,1,1,0
,ARNIQUEIRA,11,17,8,5,12,7,3,4,4,6,5,3
TENTATIVA DE HOMICÍDIO,ARNIQUEIRA,1,2,1,1,0,0,0,2,1,1,0,0
TENTATIVA DE LATROCÍNIO,ARNIQUEIRA,0,0,0,0,0,0,0,0,0,0,0,0
ESTUPRO,ARNIQUEIRA,0,1,0,1,0,1,0,1,1,0,0,0
FURTO A TRANSEUNTE,ARNIQUEIRA,2,1,0,1,0,0,1,0,0,0,0,1
TRÁFICO DE DROGAS,ARNIQUEIRA,0,2,1,2,1,2,0,1,1,0,3,0
USO E PORTE DE DROGAS,ARNIQUEIRA,3,6,2,1,0,1,1,0,1,1,0,0
POSSE/PORTE DE ARMA,ARNIQUEIRA,0,1,1,0,0,0,1,2,0,0,0,0
LOCALIZAÇÃO DE VEICULO FURTADO OU ROUBADO,ARNIQUEIRA,4,4,4,1,7,2,0,2,3,0,1,1
HOMICÍDIO,CRUZEIRO,0,0,0,0,0,0,0,0,0,0,0,0
LATROCÍNIO,CRUZEIRO,0,0,0,0,0,0,0,0,0,0,0,0
LESÃO CORPORAL SEG. DE MORTE,CRUZEIRO,0,0,0,0,0,0,0,0,0,0,0,0
,CRUZEIRO,0,0,0,0,0,0,0,0,0,0,0,0
ROUBO A TRANSEUNTE,CRUZEIRO,4,4,2,1,2,2,0,2,3,0,2,1
ROUBO DE VEÍCULO,CRUZEIRO,0,0,0,1,0,0,0,0,0,0,0,0
ROUBO EM COLETIVO,CRUZEIRO,0,0,0,0,0,0,0,0,0,0,0,0
ROUBO EM COMÉRCIO *,CRUZEIRO,1,0,0,0,0,0,0,0,0,0,0,0
ROUBO EM RESIDÊNCIA,CRUZEIRO,0,0,0,0,0,0,0,0,0,0,0,0
FURTO EM VEÍCULO,CRUZEIRO,6,3,6,5,2,2,3,5,3,9,4,6
,CRUZEIRO,11,7,8,7,4,4,3,7,6,9,6,7
TENTATIVA DE HOMICÍDIO,CRUZEIRO,0,0,0,0,0,0,0,1,0,0,0,1
TENTATIVA DE LATROCÍNIO,CRUZEIRO,0,0,0,0,0,0,0,0,0,0,0,0
ESTUPRO,CRUZEIRO,0,0,0,1,0,0,0,0,0,0,1,1
FURTO A TRANSEUNTE,CRUZEIRO,0,1,1,2,0,3,0,0,1,1,1,2
TRÁFICO DE DROGAS,CRUZEIRO,2,0,1,0,1,3,3,5,2,0,3,1
USO E PORTE DE DROGAS,CRUZEIRO,2,0,3,0,6,6,3,1,2,2,2,2
POSSE/PORTE DE ARMA,CRUZEIRO,0,0,0,0,0,0,0,0,0,1,0,0
LOCALIZAÇÃO DE VEICULO FURTADO OU ROUBADO,CRUZEIRO,2,2,0,0,4,1,0,4,1,0,0,2
HOMICÍDIO,LAGO NORTE,0,0,1,0,0,0,0,0,0,0,0,0
LATROCÍNIO,LAGO NORTE,0,0,0,0,0,0,0,0,0,0,0,0
LESÃO CORPORAL SEG. DE MORTE,LAGO NORTE,0,0,0,0,0,0,0,0,0,0,0,0
,LAGO NORTE,0,0,1,0,0,0,0,0,0,0,0,0
ROUBO A TRANSEUNTE,LAGO NORTE,0,3,3,1,3,2,4,4,3,2,10,2
ROUBO DE VEÍCULO,LAGO NORTE,1,0,0,1,3,0,0,2,1,0,0,0
ROUBO EM COLETIVO,LAGO NORTE,0,0,0,0,0,1,0,0,0,0,0,0
ROUBO EM COMÉRCIO *,LAGO NORTE,0,0,0,0,0,0,0,0,0,0,0,0
ROUBO EM RESIDÊNCIA,LAGO NORTE,0,2,0,2,0,0,0,2,2,0,1,0
FURTO EM VEÍCULO,LAGO NORTE,3,2,2,4,12,5,6,7,5,6,2,4
,LAGO NORTE,4,7,5,8,18,8,10,15,11,8,13,6
TENTATIVA DE HOMICÍDIO,LAGO NORTE,0,0,0,0,0,0,0,0,0,0,0,0
TENTATIVA DE LATROCÍNIO,LAGO NORTE,0,0,0,0,0,0,0,0,0,0,0,0
ESTUPRO,LAGO NORTE,1,1,0,1,0,0,2,0,2,0,0,0
FURTO A TRANSEUNTE,LAGO NORTE,0,0,0,1,1,0,0,0,1,2,0,0
TRÁFICO DE DROGAS,LAGO NORTE,0,0,1,1,0,1,1,4,0,2,1,0
USO E PORTE DE DROGAS,LAGO NORTE,0,0,0,0,1,2,1,1,1,0,1,1
POSSE/PORTE DE ARMA,LAGO NORTE,0,1,0,0,1,0,1,2,0,1,0,1
LOCALIZAÇÃO DE VEICULO FURTADO OU ROUBADO,LAGO NORTE,1,3,2,1,4,0,3,3,1,1,0,2
HOMICÍDIO,CANDANGOLÂNDIA,0,0,0,0,0,0,0,0,0,0,0,0
LATROCÍNIO,CANDANGOLÂNDIA,0,0,0,0,0,0,0,0,0,0,0,0
LESÃO CORPORAL SEG. DE MORTE,CANDANGOLÂNDIA,0,0,0,0,0,0,0,0,0,0,0,0
,CANDANGOLÂNDIA,0,0,0,0,0,0,0,0,0,0,0,0
ROUBO A TRANSEUNTE,CANDANGOLÂNDIA,1,4,0,3,2,4,1,4,2,2,0,2
ROUBO DE VEÍCULO,CANDANGOLÂNDIA,0,0,0,0,0,0,0,1,0,0,0,0
ROUBO EM COLETIVO,CANDANGOLÂNDIA,0,1,0,0,0,0,1,0,0,0,0,0
ROUBO EM COMÉRCIO *,CANDANGOLÂNDIA,0,0,0,0,0,0,0,1,0,0,2,0
ROUBO EM RESIDÊNCIA,CANDANGOLÂNDIA,0,0,0,0,0,0,0,0,0,0,0,0
FURTO EM VEÍCULO,CANDANGOLÂNDIA,0,0,1,0,0,0,1,0,0,1,0,0
,CANDANGOLÂNDIA,1,5,1,3,2,4,3,6,2,3,2,2
TENTATIVA DE HOMICÍDIO,CANDANGOLÂNDIA,0,0,1,0,0,0,0,0,0,0,0,0
TENTATIVA DE LATROCÍNIO,CANDANGOLÂNDIA,0,0,0,0,0,0,0,0,0,0,0,0
ESTUPRO,CANDANGOLÂNDIA,1,0,1,0,0,1,0,1,1,0,0,1
FURTO A TRANSEUNTE,CANDANGOLÂNDIA,2,1,0,0,0,0,1,1,1,1,1,0
TRÁFICO DE DROGAS,CANDANGOLÂNDIA,1,1,0,0,0,0,0,3,1,2,1,0
USO E PORTE DE DROGAS,CANDANGOLÂNDIA,1,0,0,2,3,1,1,0,0,0,0,0
POSSE/PORTE DE ARMA,CANDANGOLÂNDIA,1,0,0,0,0,0,0,0,0,0,0,1
LOCALIZAÇÃO DE VEICULO FURTADO OU ROUBADO,CANDANGOLÂNDIA,0,2,0,1,1,1,1,3,2,1,1,0
HOMICÍDIO,PARK WAY,0,0,0,0,0,0,0,0,0,0,1,0
LATROCÍNIO,PARK WAY,0,0,0,0,0,0,0,0,0,0,0,0
LESÃO CORPORAL SEG. DE MORTE,PARK WAY,0,0,0,0,0,0,0,0,0,0,0,0
,PARK WAY,0,0,0,0,0,0,0,0,0,0,1,0
ROUBO A TRANSEUNTE,PARK WAY,2,2,0,1,1,0,1,0,1,1,2,0
ROUBO DE VEÍCULO,PARK WAY,0,0,0,0,0,0,0,1,0,0,0,1
ROUBO EM COLETIVO,PARK WAY,0,0,0,0,0,0,1,0,0,0,1,0
ROUBO EM COMÉRCIO *,PARK WAY,0,0,0,0,0,0,0,0,0,0,0,0
ROUBO EM RESIDÊNCIA,PARK WAY,0,1,1,0,0,0,0,0,0,0,0,0
FURTO EM VEÍCULO,PARK WAY,0,4,1,1,2,0,0,1,1,1,0,2
,PARK WAY,2,7,2,2,3,0,2,2,2,2,3,3
TENTATIVA DE HOMICÍDIO,PARK WAY,0,0,0,0,2,1,0,1,0,0,0,0
TENTATIVA DE LATROCÍNIO,PARK WAY,0,0,0,0,0,0,0,0,0,0,0,0
ESTUPRO,PARK WAY,1,1,0,0,0,1,1,0,0,0,0,0
FURTO A TRANSEUNTE,PARK WAY,1,0,1,0,1,0,0,0,0,0,0,0
TRÁFICO DE DROGAS,PARK WAY,0,1,0,0,1,0,0,0,0,0,0,0
USO E PORTE DE DROGAS,PARK WAY,1,1,2,0,1,0,0,0,0,2,0,1
POSSE/PORTE DE ARMA,PARK WAY,1,0,0,0,0,0,0,0,0,1,0,0
LOCALIZAÇÃO DE VEICULO FURTADO OU ROUBADO,PARK WAY,1,0,1,0,2,1,0,1,1,1,0,5
HOMICÍDIO,TAGUATINGA,2,0,1,1,0,1,2,1,0,2,1,0
LATROCÍNIO,TAGUATINGA,0,0,0,0,0,0,0,0,0,0,1,1
LESÃO CORPORAL SEG. DE MORTE,TAGUATINGA,1,0,0,0,0,0,0,0,1,0,0,0
,TAGUATINGA,3,0,1,1,0,1,2,1,1,2,2,1
ROUBO A TRANSEUNTE,TAGUATINGA,75,95,98,97,89,93,84,73,74,100,90,91
ROUBO DE VEÍCULO,TAGUATINGA,12,11,12,10,24,9,5,8,22,17,5,7
ROUBO EM COLETIVO,TAGUATINGA,0,2,2,0,3,2,0,2,1,3,1,2
ROUBO EM COMÉRCIO *,TAGUATINGA,2,1,3,3,1,4,2,1,2,0,2,0
ROUBO EM RESIDÊNCIA,TAGUATINGA,0,1,0,1,1,0,0,1,1,1,0,1
FURTO EM VEÍCULO,TAGUATINGA,54,56,81,95,81,83,69,61,72,71,67,59
,TAGUATINGA,143,166,196,206,199,191,160,146,172,192,165,160
TENTATIVA DE HOMICÍDIO,TAGUATINGA,4,2,0,2,2,3,3,3,1,5,3,3
TENTATIVA DE LATROCÍNIO,TAGUATINGA,2,0,0,1,0,0,0,1,0,1,2,2
ESTUPRO,TAGUATINGA,3,8,4,2,2,8,5,3,9,5,5,2
FURTO A TRANSEUNTE,TAGUATINGA,28,22,23,26,35,22,20,20,18,21,23,38
TRÁFICO DE DROGAS,TAGUATINGA,15,17,17,17,14,22,20,17,22,17,23,16
USO E PORTE DE DROGAS,TAGUATINGA,24,24,27,30,32,39,17,18,12,12,18,10
POSSE/PORTE DE ARMA,TAGUATINGA,3,6,3,10,1,4,9,3,5,4,4,5
LOCALIZAÇÃO DE VEICULO FURTADO OU ROUBADO,TAGUATINGA,12,7,15,17,19,22,30,8,17,15,15,13